id,body,tag
1,「アディオス!」と言って別れた(アディオスが何語なのかはともかくとして),tanka2
2,モーツァルト作曲・歌劇『仕事』より「午後もだるくて死ねるソナチネ」,tanka2
3,昨今の萌え化の波に抗えず髪をピンクにしたバタコさん,tanka2
4,「せーの」って言ってるだけであわせる気ゼロだよねって感じの「せーの」,tanka2
5,わきまえろ 半ケツ出してエロいのはせいぜい24歳までだ,tanka2
6,どこまでもひろい空き地のまんなかに頭上注意の看板を置く,tanka2
7,トイレには神様がいるだけじゃなく彼の治める帝国がある,tanka2
8,ゆくりなくえっちなゆめを見たあとに浴びる朝日はちょっとまぶしい,tanka2
9,#アイドルの歌詞の一部をパクチーに変えるとすごくパクチー臭い,tanka2
10,さびしいと死んぢゃうウサギなのでもしこれを見てたらふぁぼりつをくれ,tanka2
11,鼻くそも新垣結衣のならたぶん食えるわ(食べるとは言ってない),tanka2
12,シャイニング・マスタベーション(そう、それは光り輝くためのオナニー),tanka2
13,「白亜紀に終わった恋を蒸し返す真似はよせ」by トリケラトプス,tanka2
14,わたしです 炊飯ジャーにマッキーで「魔王 最期の地」と書いたのは,tanka2
15,人生はクソというのは中国の思想家であるポプ子のことば,tanka2
16,冷めきった宇宙の隅にあってなお冷たくなってゆく缶コーヒー,tanka2
17,えっろ〜い すげええっろ〜い えろくな〜い 以上3種を揃えています,tanka2
18,ほよよ?とか素で言う女子が現実にいるわけないし、さては夢だな??,tanka2
19,いろいろなことに「わかる...」と言うだけのbotのようなものになりたい,tanka2
20,#暇なのでふぁぼの数だけわた飴を空に放して雲にしていく,tanka2
21,校長の話が無駄に長いのは日本社会のバグだと思う,tanka2
22,「ウチのこと好き?」ってお前、居酒屋でなます食ってるときに訊くなよ,tanka2
23,ふとんから出られずにいただけなのにごめん寝てたと言うときがある,tanka2
24,そのいきやよしと言いたいだけの人「何はともあれそのいきやよし!」,tanka2
25,字足らずの歌からこぼれ落ちた音未満の音がゆひらなんだよ,tanka2
26,玉手箱からとめどなく溢れ出すポップビートで溺れて死ねる,tanka2
27,もしもラブホテルに雪が積もったら前戯で雪合戦ができるな,tanka2
28,Wi-Fiに繋がるために来るスタバ 前戯のために来るラブホテル,tanka2
29,叶わない夢を蒐めて書き殴り紙飛行機にして捨てにいく,tanka2
30,ゆきだるまつくってそれを片恋の人の名前で繰り返し呼ぶ,tanka2
31,窓口でおとな一人と告げて買う おとな一人で浸かるひだまり,tanka2
32,懸垂でからだ鍛えてみようかななんて思って買った三日月,tanka2
33,使用済みTENGAを放置していたら何かの白い芽が生えてきた,tanka2
34,ぶよぶよの水母の死骸ごっこして仰向きながら云う ここはどこ,tanka2
35,生きている証 たとえばこの冬の渚の砂のやわらかなこと,tanka2
36,対等な愛は些か重すぎる わたしチョウチンアンコウなので,tanka2
37,SourceHanSansでとても読みやすくデザインされた不幸の手紙,tanka2
38,パラグラフ・ライティング的構成で説得力のあるラブレター,tanka2
39,幼妻ということばが持つ魔力を弾にして撃ち出すレールガン,tanka2
40,「寂しい」と話しかければ徐ろに「辛かったね」と返すサボテン,tanka2
41,黒魔術的製法で消しカスにいのちを込めてつくるゴーレム,tanka2
42,袋のままレンジで2分 それだけで俺も大人になりたかったな,tanka2
43,「推しという言葉で擬態しているが、それは実質的に恋では?」,tanka2
44,期待して買ってきたのに青空の袋とじってこんなもんかよ,tanka2
45,クソリプの権化のような人たちが渋谷の空を飛び交っている,tanka2
46,晴れて無になったはずだがなったのが無なのでなれたのかわからない,tanka2
47,田町では田町田町という声が駅舎に響く 春きにけらし,tanka2
48,蜜柑食う春を待ちつつこの蜜柑種が多いのなと思いつつ,tanka2
49,エロゲするさびしき人の足許にしずかに点る電気ストーブ,tanka2
50,インドゾウハイジャック犯として全世界に指名手配されたし,tanka2
51,信楽のタヌキみたいにそこにある ずっとある ただそこにある 愛,tanka2
52,どこまでもママチャリ漕いではしりゆく大地は春の夜ぞらの匂い,tanka2
53,【アルバイト募集】あなたの住む街に夜の帳を下ろすお仕事♪,tanka2
54,髪洗う これでまたあと二日間くらい生きれるかしらと思う,tanka2
55,春うらら わたしのなかの密林に棲まうゴリラもざわついている,tanka2
56,サバンナの象のうんこの心境で傍にいるから何でも言えよ,tanka2
57,ラーメンは伸びてしまって残されたものは寂しいばかりの宇宙,tanka2
58,春の雨ですよみたいな顔をした雨に降られてとても悔しい,tanka2
59,このところ春の便りを装ったピンポンダッシュが流行っています,tanka2
60,ゆきとけて俺のロシアの殺し屋としての心がウラーと叫ぶ,tanka2
61,痛いほどわかりあえたら痛いほどわかる痛みに灼かれて死のう,tanka2
62,電話ボックスは互いに繋がって群体として佇んでいる,tanka2
63,たまごかけごはんじゃねえよごはんからしたらたまごかけられごはんだ,tanka2
64,春の陽に透かせばそりゃあ何だって春色になるよね、ハム太郎?,tanka2
65,二階から目薬ということわざのそこはかとない春の雰囲気,tanka2
66,「生きる」とは「ライフで受ける」選択肢しか残されていない決闘(デュエル)だ,tanka2
67,れいぞうこあけたところでキムチしか入っていないときもあるよな,tanka2
68,まなざしの地獄の底で誰からもまなざされない毎日である,tanka2
69,パシフィック・リムのフィックでかがみこみ、リムで踏み切る感じでイケる,tanka2
70,そこここが火垂るの墓で戦争というなら明日も戦争である,tanka2
71,自意識が過剰でいつも邪魔だったのでメルカリで売っちゃったひと,tanka2
72,知っているけど実際に見たことはないので実はないもありうる,tanka2
73,ハロー、カップヌードルの海老たち。そして......グッバイだ(ここで静かに引き金をひく),tanka2
74,崩れゆくあの一瞬の波を抱きとめてくれ 愛するより速く,tanka2
75,厚揚げの厚みを測るためだけにノギスを買いにいく昼下がり,tanka2
76,ガンダムの青いところがぜんぶ白みたいな嘘なのにバレてない,tanka2
77,「チャンチャン♪」と打ちこむことで終わらせるみたいに終えてしまったLINE,tanka2
78,ネッシーは孤独な獣 白亜紀の恋を今でも引きずっている,tanka2
79,パステルで描いた淡い地獄絵図みたいだね、僕らの住む街は,tanka2
80,虹屋さん 虹をおひとつくださいな むやみやたらと大きなやつを,tanka2
81,海のない町をかもめが飛んでいる おかえり。明日の見えない空へ,tanka2
82,......ありませんよ。セカイは昨日、爆笑の渦にのまれて滅びたので,tanka2
83,僕だけの牧瀬紅莉栖はどこですか? みんな死にましたかそうですか。,tanka2
84,にゃんぱすとつぶやく意味も傘だってないしなくてもいいような雨,tanka2
85,生きるのが辛いあなたもそうじゃないきみもキュケオーンをお食べ,tanka2
86,風光る→心は海へひた走る→アーマードコアの新作が出る,tanka2
87,常夏の記憶のままに雑色はあなたが住んでいた通過駅,tanka2
88,五月雨がそぼ降る馬喰横山にあるはずもない海を探して,tanka2
89,風車片手に駅にかけ込めば沼袋から夏がはじまる,tanka2
90,さようなら せかいすべてが真夏日となり亡びゆくユーカリが丘,tanka2
91,侍として生きそして侍として死す六会日大前で,tanka2
92,鳴り止まぬシュプレヒコール「天王洲アイルに三日月を取り戻せ!!!」,tanka2
93,ゴリラにはゴリラの孤独ありぬべく動物園を濡らす夕立,tanka2
94,だけどそれ本当に虚無なんですか? だって見たことないわけでしょう?,tanka2
95,雨は水。ヒトの身体のほとんども水。だから私は雨になります,tanka2
96,「輪廻だね!」「 転生だね!」と言うだけのピロートークという名の遊び,tanka2
97,怠いというか俺はただ常春の箱庭に引きこもりたいだけ,tanka2
98,ゆらゆらとひまわり パースペクティブが狂ってしまうほどのひまわり,tanka2
99,星祭りしましょう、いいえ、星祭りが何を指すかは分かりませんが。,tanka2
100,押すたびに虚無が生まれるボタンです。ワンクリックで虚無が殖えます,tanka2
101,夏の日の記憶よ 母星ともどもに銀河の腕に抱かれてねむれ,tanka2
102,終わらない夏とかないし汐風は嫌いじゃないし泣いちゃいないし,tanka2
103,フィボナッチ数が最後の鍵となり、静かに落ちる線香花火,tanka2
104,この歌をあなたが読んでいるということは私は死んだのでしょう,tanka2
105,この文は一年前の夏日から未来へとつぶやいたものです,tanka2
106,如意棒にゴーヤが絡みついていて雑コラかよと呟いている,tanka2
107,練炭は持っていくので、明くる朝、俺と一緒に自殺しましょう,tanka2
108,ネコ耳を探しに行くと言い残し父は単身パリに渡った,tanka2
109,台風はぼくが南の洋上で「おりゃあ!!!」と言うと発生します,tanka2
110,目を閉じて想像しよう シロナガスクジラのうんこが沈むゆくえを,tanka2
111,大卒なくせに弱者な俺ですが一緒にポテトいかがでしょうか,tanka2
112,カーテンが風を孕んで1/fのゆらぎを象っている,tanka2
113,翔ぶセミを分子レベルで粉々にすると噂のムエタイキック,tanka2
114,風鈴の中に空虚があるように俺の人生には何もない,tanka2
115,打ち上がる花火の数と消えてしまう花火の数は常に等しい,tanka2
116,銀魂が終わると知ってもう俺もニート侍ではいられない,tanka2
117,平成が過去になろうとする夏の蚊取りマットとカレーの匂い,tanka2
118,一握の上坂すみれさえあればきっと人生事足りるのに,tanka2
119,牛乳が欲しかったけど生憎と財布にトルコリラしかなくて,tanka2
120,イラストやみたいな無垢な顔だけどすでに6万爆死している,tanka2
121,イカリングからイカだけが分離するさまを別離の悲しみという,tanka2
122,もうそんな叶いもしない恋なんか辞めてポルカを踊りましょうよ,tanka2
123,クーラーの効いた部屋から一歩だに出ないためなら神をも殺す,tanka2
124,ディジュリドゥ、覚えてますか 君がまだ木であったころ夢見た海を,tanka2
125,恋をしたはずの戦隊ヒーローのピンクの顔が思い出せない,tanka2
126,「ワン・ナイト・ラブ!」の合図で死ねばいい奴の地雷を踏み抜いてゆけ,tanka2
127,完璧なイデアとしての鉄アレイ(ただ「ある」だけで筋トレになる),tanka2
128,コアラってまじまじ見るとそんなには可愛くなくてでもそれがいい,tanka2
129,セクシーなギャルになりたい。アイドルが一日署長する感覚で。,tanka2
130,「ショートコント『人生』」という産声とともに取りあげられた赤ちゃん,tanka2
131,わたしより恵まれた奴みんな死ね それにつけてもおやつはカール,tanka2
132,ああ君もトイレの中にカレンダーかける家庭で育ったんだね,tanka2
133,それはそれとしてよいこのみなさんはきちんと叶う夢を見ましょう,tanka2
134,扇風機みたいな音で雨が降るみたいなもので溢れた町に,tanka2
135,手遅れのキモオタなので虎ノ門ヒルズで便所メシをしている,tanka2
136,麦わらを被ればそこはどこであれ貴方を待ちわびている海辺,tanka2
137,サン・テグジュペリが心に棲みついてしまった 実害はないけれど,tanka2
138,たまごっち的な感じで脳内で撲殺天使を育てる遊び,tanka2
139,そうやって自己剽窃をくりかえすようにSuicaにチャージする日々,tanka2
140,だがそれは謂わば「ほんやくコンニャク」を用いるための「食べる」プロセス,tanka2
141,逃げのびた終電たちが笑いあう秘密の駅が最果てにある,tanka2
142,でもたぶんのんのんびよりりぴーとの世界にだって貧困はあるよ,tanka2
143,生活の3分の2が恥部なので秩父にシンパシーを感じる,tanka2
144,似たようなファイルだらけで最新の〈私.jpg〉はどこへやら,tanka2
145,アイドルになれないままで僕たちは、普通に戻ることもできない,tanka2
146,ねえ、僕のヨルムンガンド。この海をぼくらの祖国ごと飲み干して,tanka2
147,#せと打って出てきたものが欲しければ我を倒して奪ってみせよ,tanka2
148,破滅へと続く梯子の中ほどの中ボスとしてたたずんでいる,tanka2
149,潮騒を首からさげたちょきんぎょに貯める力を持つ女の子,tanka2
150,ぬばたまという語以外は憲兵の手で黒塗りにされる歌会,tanka2
151,はつ恋を紐解くようになめらかにぷっちんされるぷっちんプリン,tanka2
152,あいみょんの鼻をなぞったおれのゆびさきはポエムに侵食されて,tanka2
153,手紙魔はとうに卒業したまみのただの大人としての日常,tanka2
154,人生のエンドロールで主演ではなかったことに気づいた日には,tanka2
155,耳朶という文字を書くえんぴつと私と同じ末路を辿れ,tanka2
156,ベランダに大っきなイリエワニがいていますぐきみに会えなきゃ困る,tanka2
157,あずきバーほどの密度の感情を込めれば人は徒手で殺せる,tanka2
158,バナナから引きちぎられたはずなのにバナナバナナのままなの不思議,tanka2
159,そば湯だけ飲みたいときにそば湯だけ飲めるお店があればいいのに,tanka2
160,今週もハッスルだよと思いつつタイムラインをスワイプしてる,tanka2
161,生きてゆくたとえば夏に脱ぎ捨てたままのズボンを洗うなどして,tanka2
162,コンビニで買う牛丼は人生における孤独の味がしますね,tanka2
163,愚かなる人間どもめ......わかりみの奈落の底に沈めてくれる......,tanka2
164,うれぴよと君が云うたび生まれ来るひよこのような者でありたい,tanka2
165,そりゃあれよバイブスあげてウェイになるみたいな感じじゃね?知らんけど,tanka2
166,ぽよよんとのどかな音を鳴らしつつ破滅していく人もあります,tanka2
167,ふゆのひのゆうえんちへと降りかかるみぞれみぞれるふゆのひのこと,tanka2
168,きみとするえっちの味を考えている舌先に雪は降り来る,tanka2
169,ふしだらな日々を下さい ひもすがらあなたとしゃぼん玉するだけの,tanka2
170,人生は人生なので人生が人生なのは自明なことだ,tanka2
171,ロリコンに春は来ないということの証明として佇む渚,tanka2
172,もうだめだぼくはたべっ子どうぶつを死ぬほど食べて安らかに死ぬ,tanka2
173,鏡月のボトルの中に海があり僕らのifを見せつけてくる,tanka2
174,愛してる たとえば魔女の心臓をにぎり潰せるくらいに強く,tanka2
175,おもむろに彼はにゃーんとつぶやくと北北西を指さしました,tanka2
176,花束を貰ったことが一回もない人生に、三月の雨。,tanka2
177,うんちには絵文字があっておならには絵文字がなくて春のそよかぜ,tanka2
178,セックスのせからはじまる生活という名前からして無理なやつ,tanka2
179,枯れてゆくものに共感するために枯らされるサボテンかわいそう,tanka2
180,新宿は豪雨とそっと歌い出すあなたの声が喚ぶ雨がある,tanka2
181,向日葵になって貴女の唯一の寄る辺のように抱かれていたい,tanka2
182,君の吐くやさしい嘘のチューハイの缶の点字のような冷たさ,tanka2
183,仄暗い世界に横たわるあいだわたしは52Hzのくじら,tanka2
184,落下する僕はあなたの立つ春に瞬く須臾の遠雷として,tanka2
185,オナニーの後には他者のかなしみのわかりえなさを考えるよね,tanka2
186,色彩のない田崎つくると僕たちと海と空との青さの相似,tanka2
187,はらわたのひとつひとつに意味があり無意味な日々を生かされている,tanka2
188,遠雷は遠く聞こえてああここはひとりぼっちの亡国なのな,tanka2
189,けどおれの遺言なんて興味ないだろうしだからクッキー買うね,tanka2
190,おじさんとテトリスしよう?順序よくこの世界から消えてしまおう?,tanka2
191,いついかなるときもただしいおこないの積み重ねができると思うなと吐き出すように夜のしじまが張り裂けていく,tanka2
192,タピオカが流行ってるとは言ったけどみそ汁にする奴があるかよ,tanka2
193,まほろばが動詞であったあの夏の名残りとしてのこれはまほろび,tanka2
194,アフリカで子どもが秒で死ぬあいだ死にかけのおれも助けてくれよ,tanka2
195,さまざまなものを飲みこみにゃーというときのわたしのいじらしさよな,tanka2
196,パン粉ってメモしてあってでもべつにパン粉を切らしてはいないこと,tanka2
197,一瞬の風になれって簡単に言うけどなってどうすんのよさ,tanka2
198,おちんちん=ユニバース、それは宿命づけられた破滅に向かう僕らの宇宙,tanka2
199,人生はつらい/股間は痒くなる/止まない雨はないこともない,tanka2
200,アラレちゃん凄い速さで走るけど任意保険はかけてるのかな,tanka2
201,母親にお前もはやく働けと責められながら飲む水の味,tanka2
202,そうなのだ 死しかないのだ この世には(熱力学第二法則の文系的理解),tanka2
203,人知れず75%オフされた全てを弔うお墓,tanka2
204,もしも死ぬならば野原で昼寝してそのまま目覚めないとかがいい,tanka2
205,だとすればこれがわたしの死兆星なんだな あはは 汚え花火,tanka2
206,こんにちはそうです僕が弱者ですかつおぶしにも勝てないほどの,tanka2
207,出ようとも出られないこの町というアフォーダンスに嵌められている,tanka2
208,クソツイに慈雨の心でするいいね(慈雨に心はないだろうがよ),tanka2
209,金曜日だからダメなのではなくて曜日を問わずダメなのである,tanka2
210,あした朝起きたら死んでたいだけど死んでたら朝起きれないのな,tanka2
211,人生に飽きたら眠る 眠るのに飽きたら起きる その繰り返し,tanka2
212,外は秋・心は真冬・君のいるあの日の街はとわに常夏,tanka2
213,ふりむくな ゆるくつないだ手のひらがほどけるような速度ですすめ,tanka2
214,蟻を踏む ただ意味もなく このように意味のない死はありふれている,tanka2
215,「世界じゃん」「世界かよ」「うわまじ世界」おいやめろそんな目でこっちを見るな,tanka2
216,「えいえんは、あるよ」ときみが吉野家で開いてみせた紅しょうが入れ,tanka2
217,じゃあおれがモヤっとボール投げる役やるので声はお願いします,tanka2
218,地縛霊としてバンドに明け暮れて今日も卒塔婆のあいだでねむる,tanka2
219,こんばんは、風です。ご用命あらばすぐに優しく語りかけます,tanka2
220,振り返れば奴がいるっていうときの奴ってやつは実はおれです,tanka2
221,ドストエフスキーしずかに読みおえてここは出口のない子ども部屋,tanka2
222,水槽にさかなを容れて飼うようにたぶんこのまま付かない既読,tanka2
223,いちご100%から分岐したトゥルーエンドであるわたしたち,tanka2
224,さよな、らのな、のあたりまで言いさしてぼくら汀の雪だね、まるで,tanka2
225,あーやめてそんな速さで暮らしたら虚無虚無にゃんこになってしまうよ,tanka2
226,悲しみの野に下り立った神さまが心をこめてキメるジョジョ立ち,tanka2
227,ほんとうのものは滅びたあとなのにみんなふつうにふつうですごい,tanka2
228,ただのびじゃないのよ これはほろびのび ほうらこんなにきらきら光る,tanka2
229,えるしってるか あの頃の思い出はまぶしくてまぼろしと見分けがつかない,tanka2
230,ああおれもバズりピエロになりたいな(バズりピエロはバズるピエロさ),tanka2
231,もうそこに輪郭はなくただ保温されない便座のような冷たさ,tanka2
232,ひとは誰もがこころに空蝉を飼っていてつぶしてしまって泣いたりもする,tanka2
233,ほころびを匿うようにそこここに袋小路な真冬の星座,tanka2
234,キメセクの果てにぼくらのコズミック・イラはどこへと向かうのだろう,tanka2
235,喩えるとすればよいしょとわっしょいに至る三叉路みたいな岐路で,tanka2
236,順番にユラ、キラ、ヒラと溶けはてて祈りはしずか海に雪降る,tanka2
237,こだまかな(こだまじゃないよ)ゆひらだよ(声にならないことばが)あるよ,tanka2
238,蛇苺ばかりが目立つこの土地で僕に弔いうる痛みとは,tanka2
239,あの頃の夜の長さを閉じこめた君と花火のえっちな自撮り,tanka2
240,寝室のあかりを付けたままねむる さびしいきぶん 一マスもどる,tanka2
241,わーという感じのときはわーという気持ちでわーと言うと、よいです。,tanka2
242,感情というならかわいいJKになりたい以外感情はない,tanka2
243,ごめんなさ〜い!!なんて云うけど最凶(ほんもの)の蟹座を君は知らぬのでしょう,tanka2
244,進捗をあつめてはやし最上川(※存在しない河川のなまえ),tanka2
245,テロというなら存在はぜんぶテロ。きみに実存しないでほしい,tanka2
246,ではここでここにカメラがあるていでカメラ目線をお願いします,tanka2
247,草原にKIOSK どんな顛末の果てにおまえはここにあるのだ,tanka2
248,わからない 誰にもなにも わからない よのなかぜんぶ ぶたの丸焼き,tanka2
249,ふぁっきゅーのQのまるみに棲み着いた小鳥よ どうかよいゆめを見て,tanka2
250,そらきれい(そらはどこにもないですが)(ないの?)(ないのよ)(そうなの、ふーん),tanka2
251,三月の銀のほのおはいいにおい ななななー・ななななー・お布団混沌,tanka2
252,ながれぼしおちて流れて入りこむポメラニアンの耳の裏側,tanka2
253,借金がどれだけ減るか 春の日の渚で二人 無料診断,tanka2
254,部屋、床に飴の袋があって草(飴の袋を床に置くなよ),tanka2
255,プレミアム・モルツ、初夏、おれたちはハッタツ、されど、旅立つ(どこへ?),tanka2
256,「!」とだけ頭上に表示されたきり開始されないポケモンバトル,tanka2
257,人は死ぬ 必ず死ぬ 絶対死ぬ 死は避けられない →→→ ラン!,tanka2
258,米を炊く(炊くのは私ではないし、そんな感じの人生ですが),tanka2
259,即入居可 8万2000円の物件を見てうあ高いというときの声,tanka2
260,この街で中華屋さんは春の季語 天津飯とは芽吹きくるもの,tanka2
261,立っている 立て看板は立ち尽くす 誰かに立たせられたばかりに,tanka2
262,ありあまる業を煮やした鍋でとるありとあらゆるもののブイヨン,tanka2
263,でもだいじょうぶ!そんないて座のツキを回復するラッキーアイテムは「メソポタミアン・コーンポタージュ」,tanka2
264,ほんとかよーじゃないんだよほんとうじゃなかったような気がしちゃうだろ,tanka2
265,迷わずに進んでほしいただ服は着ていてほしい。風邪、ひいちゃうよ,tanka2
266,アスパラガス 液化する猫 Twitterではないものとしての物語,tanka2
267,あ、トカゲ!!可愛いねって日常に潜むポエムを捕らえてきみは,tanka2
268,ふにゃふにゃのふにゃふにゃとそのふにゃふにゃのふにゃとふにゃとをとりもつすきま,tanka2
269,ああこれはなんやかんやで揖保乃糸 これじゃ歌会には出されない,tanka2
270,ごりらない、ごりれば、ごりる、ごりれれば、わたしとごりりませんか、今夜。,tanka2
271,こころにはこころのバンクシーがいてきれいなこころの画を描いている,tanka2
272,あのころの二人に戻れないことや徹子の部屋に壁がないこと,tanka2
273,傍目には青に見えるがほんとうはなかなかサイケデリックな芝生,tanka2
274,嵐にも名づけの親がいるということの途方もない宿痾わね,tanka2
275,フルーチェを混ぜるスプーンにかかりくる重さのようなはじまりがある,tanka2
276,溶き卵 人を呪わば穴ふたつ 仕上げにかけるオリーブオイル,tanka2
277,全身でその音に震えていたいいまずぶぬれの案山子になって,tanka2
278,終電のほうはべつに逃げたと考えちゃいない おれらのそういうところ,tanka2
279,おれの心臓のBPMは190になったぞ 君は気づくのかい? おれはもう死ぬのかい?,tanka2
280,は?? わたしの心臓のBPMはとうに256なんだが?? お前はもう死んでいる 私はもう死んでいる,tanka2
281,「これは短歌ではない」あるいは記号と身体との現代的ポジシオン*,tanka2
282,チンコカユ...ビール飲みたい...エアコンのリモートコントローラはいずこ,tanka2
283,はー那由多 ひとのいのちは塵芥 生まれても評されない短歌,tanka2
284,軌道線上から詩的飛躍するためだけに喚ばるるポロロッカ,tanka2
285,メシアです メシアしますか 奥入瀬の渓流などを二人っきりで,tanka2
286,押しボタン式信号を12連打すると、彼岸に渡って行ける,tanka2
287,ウェアラブル・ニート以外にセブンイレブンに着ていく服がないのよ,tanka2
288,はーい、辞書!!!なんと、言葉が書いてるよ。いざってときは鈍器になるし,tanka2
289,それは草、尽きせぬ砂漠、わけわかめ、僕らの夢を隠したちきゅう,tanka2
290,大切なことは明日の折り込みが教えてくれたから、大丈夫だよ,tanka2
291,完璧な夕まぐれから離脱する陰キャのための青梅特快,tanka2
292,わすれじの過去の二、三はありつつのゾンビなのかもしれんよ、彼も。,tanka2
293,天国ってでも作草部で、でもそんなメンタリズムもあっていいのだ,tanka2
294,そしてまたラジオ体操第二兆五億七千五の深呼吸,tanka2
295,篠懸樹かげ抜けてなお果てどなきぱにぽにだっしゅするオタクたち,tanka2
296,ああだめだ写ルンですじゃ写せない秩父の海の真昼の花火,tanka2
297,ワンダホー・ビューテホー・ラブ・パーリナイ・アンティル・孤独・ナイト・フィーバー,tanka2
298,もうぜんぶお終いDEATHのものがたり(人の不自由をわらうなよ),tanka2
299,帰るまでが遠足ですと告げられて遠足だったと後からわかる,tanka2
300,おまえらのうなじに点る紫の〈降ります〉ランプ(だが、停まらない),tanka2
301,いっぴきの猫、三匹の犬になり、犬になったらダメだろ猫は,tanka2
302,昼ひなか ワニのねどこで飲むソーダ 使っても減らない財布がほしい,tanka2
303,ひどいゆめ(痒いみの虫)(痒くないお粥)(車麩)信じてほしい,tanka2
304,「これは茄子、こっちはばなな、それは茄子」「アド街を見た」「ぜんぶ薔薇だよ」,tanka2
305,これはあれでもあれはそれそれはそれとしてお昼の麻婆豆腐,tanka2
306,爆風で飛ばされてきた草原の母です。すべてお話します......,tanka2
307,ファミレスのボックス席で横になる春の手前にあるわだかまり,tanka2
308,トイレットペーパー、といぺと略しかといって といぺ、なんにもならん虚無だよ,tanka2
309,忘れたよ あなたの名前 あんた、誰? どうでもいっか 夏日だってよ,tanka2
310,酒カスになるにも金が必要で――さらば、すべてのエヴァンゲリオン,tanka2
311,残穢という語の存在をたしかめるように「ざんえ」でエゴサするよな,tanka2
312,スーパーで売ってたなめこ(したがってスーパーなめこ)すごいぞ、きっと。,tanka2
313,するめいか・カラシニコフの恋ごころ・ロリコン野郎・海に住みたい,tanka2
314,まちがえて建ってしまった図書館は燃やして灰に戻しましょうね,tanka2
315,おりゃおりゃおりゃおりゃおりゃってうんこしてもはちゃめちゃに仕事ある職場のトイレ,tanka2
316,なにもかも無意味されどもずんだもちからくる光溢れんばかり,tanka2
317,ちてゃやぶるという呪文に導かれ喚ばれてしまう惜しい神さま,tanka2
318,ニセ札を「捨てちまおう」というときのルパンのきもち 本燃やしたい,tanka2
319,五萬円融かしてまわすソシャゲガチャこれがいのちのかがやきですか,tanka2
320,でもいつかスパチャでつくる札束で必ずぶちにいくね みんなを,tanka2
321,えび天に生まれたひとが結婚を経て天むすになる物語,tanka2
322,ザーサイがほんとは何かわからないけれどザーサイ無限に食える,tanka2
323,夏盛り町中にまを配り終えっを待つ夏真っ盛りのてまえ,tanka2
324,100日後ワニが死ぬ日に死ぬ人の死も安らかでありますように,tanka2
325,たまて箱開けてどどんぱ溢れ出たこの世すべての脱法ハーブ,tanka2
326,なたでここ人の生き死にねえこんど一緒に映画いこうよ、の術,tanka2
327,紫のピクミン茹でる宵の星流しそうめん楽しみだなあ,tanka2
328,餃子券あったら餃子タダになるハロワじゃ知れん事実なのよな,tanka2
329,そうめんよそこでぶくぶくされつつも見よやあたいのあやしいおどり,tanka2
330,われわれの心のなかのモンスーン!!つまり海原、ほら島、島だ!!,tanka2
331,お友だちパンチ(ぬくとい夏の風、)オラオラどうだ。立ってられるか!?,tanka2
332,火葬場の火かよと思う炎天下死なぬ程度の死ぬ気で歩く,tanka2
333,無職にも等しく来たる原爆忌振替休日可燃ゴミの日,tanka2
334,うあなんぞモクモクでかいラピュタ雲愛やなんかを秘めてんだろな,tanka2
335,ていねいな暮らしに村を焼き出され子どもばかりが流す笹舟,tanka2
336,これはペン(けれどもなんとも悲しげな青い目をした)......あ、カバですね,tanka2
337,ベギラマな夏、スイカ割りの夏、みんなSUZURIのTシャツ着てる,tanka2
338,人ひとりいない砂漠を吹き抜ける風になりなよ、歌人を辞めて,tanka2
339,そうなんよ業は増えちゃうわけわかめ増えるよそりゃあ生きてんだもの,tanka2
1,ぐるぐると山手線はループするここが僕らの夢の末路だ,tanka1
2,いつまでもこどものままでいることを望んだように空蝉がある,tanka1
3,ここいらのツクツクボウシは律儀にもツクツクボウシとしか言わない,tanka1
4,ぬるぬるとラジオ体操第一は滞りなく再生される,tanka1
5,冷めきった冷やし中華のありようは態度としてはとても正しい,tanka1
6,なんでだか鼻腔にリフレインしてるカブトムシ用ゼリーのにおい,tanka1
7,ヒマワリと呼ぶべきものの成れの果て枯れてしまった枯らしてやった,tanka1
8,飛びまわる赤い合体トンボたち 家族ごっこはたのしいですか,tanka1
9,今度こそちゃんと世界を終わらせるためのレースの号砲が鳴る,tanka1
10,夏という夏が纏わりついてきてプールの後はひどくけだるい,tanka1
11,あとすこし経てば始発がはしりだす今宵の僕はこれでおしまい,tanka1
13,おれはもうダメだ。そもそもJKになれん時点で負け組だった。,tanka1
14,人間に生まれるべきじゃなかったと思う。モモンガとかがよかった。,tanka1
15,なにもかもどうでもいいしなんかもう早見沙織と結婚したい。,tanka1
16,人として足りないものを書き出してcounta()で数える作業,tanka1
17,ガチでもう死にたいわってときは「はあ...おっぱい...」と言うことにしている,tanka1
18,コンビニで理想の恋は買えなくて代わりに買った理想のトマト,tanka1
19,運命の人はタクラマカン砂漠とかまで行けば、たぶん会えます。,tanka1
20,おれだって愛されたいし、明日からアンゴラウサギとして生きたい。,tanka1
21,けどやっぱおれら大人になっちゃってよかったんだよ。梅酒うまいし。,tanka1
22,冬の足音が新宿三丁目駅の付近を颯爽とゆく,tanka1
23,(天の声) 「説明しよう!ロボットの篠原くんはロボットなのだ!」,tanka1
24,ロボットの篠原くんは世界一きれいな欠伸をするロボットだ,tanka1
25,この街で篠原くんは平凡な大学生に擬態している,tanka1
26,伊勢丹の角を曲がってゆく彼を誰もロボットとは思わない,tanka1
27,けどそれは当然のこと。だれひとり去りゆく秋にすら動じない,tanka1
28,不確かなこと・不確かなものを載せ 京王線の車体はきしむ,tanka1
29,とびきりにサディスティックな形状で新宿で売られてるドリアン,tanka1
30,たましいと呼びうるものはあのドン・キホーテの棚の最奥にある,tanka1
31,こうやってビルの谷間をビックロの袋を提げてゆく異物感,tanka1
32,すれ違う中国人よ生き急ぐなかれ力を脱いて生きなよ,tanka1
33,ロボットの篠原くんはまたひとつふわわと欠伸をした。もう夜だ。,tanka1
34,彼の任務はひとつだけ。ほどほどに、できればしあわせに生きること,tanka1
35,町はもう魔法少女の夢のなか大人のいない戦争がある,tanka1
36,ミィちゃんは僕のものさと頬張れりグリンピースに名前をつけて,tanka1
37,夏までに砂粒にならねばならぬ 君に素足で踏まれるために,tanka1
38,ほんとうは私もいつかペンギンになるのが夢で上京したの,tanka1
39,メレンゲの角がたたないそれだけで軽く泣きたくなれた思春期,tanka1
40,チョコレートシフォンケーキと云いながら十三段をのぼりし君よ,tanka1
41,てめーこの野郎あおぞら、ひとりでもさびしくなんかねーぞちくしょう,tanka1
42,「かき氷、とけちゃったね」という台詞を言うためだけに買うかき氷,tanka1
43,とりあえず風になりたい なってみて何をするかはあとから決める,tanka1
44,だいじょうぶおまえは雨じゃないんだよだから安心して落ちてこい,tanka1
45,こんなにも恋しいなんてはつふゆのおまえは海か何かなのかよ,tanka1
46,ちはやぶる神さまのバカヤローってトイレのなかで呟いてみる,tanka1
47,てふてふよ、おまえはいいね。ひらひらとひたすら逃げていられるものね,tanka1
48,カップヌードルができるのを待つあいだだけは未来がすぐそこにある,tanka1
49,びゅうびゅうと加速していくもがり笛、さしずめ置いてけぼりの僕ら,tanka1
50,トーキョーの夜景はまばゆすぎるので泳ぎきるには浮輪がほしい,tanka1
51,かなしみも孤独もうつも空腹もぜんぶ攫ってくれよ春風,tanka1
52,夢を見た。君が宇宙の渚から僕を探してくれている夢,tanka1
53,良識を備えた地球人として夜食を欠かすことはできない,tanka1
54,全国のユカイなネクロマンサーの皆さん、こんちにわ!(こんちにわ!),tanka1
55,肉まんと缶コーヒーをひとつ買いはふりはふりと喰う朝ぼらけ,tanka1
56,赤色の色鉛筆のきっさきを凶器のようにとがらせておく,tanka1
57,うすらいのごとくつめたき三日月のへりに置きたるコップのフチ子,tanka1
58,「君にほらラブずっきゅん」と口ずさみながら夜道をひとりで駆けた,tanka1
59,うすはりのビールグラスにとぼとぼと苺ミルクをそそぐ愉しさ,tanka1
60,ソーダ水のはじけるような音をたてあられは屋根に降りにけるかも,tanka1
61,じんせいのままならなさに泣きそうなので、今晩は肉を食べます,tanka1
62,ごめん、海。わたしやっぱりあなたにもこころをひらくことができない,tanka1
63,さよならをいうとき中尾隆聖の声が出せたらおもしろいのに,tanka1
64,きっとまだどこかで海に飢えていてのりしお味のポテチを選ぶ,tanka1
65,宵闇にひたるふりしてどうせまたえっちな動画を見てたんだろう!?,tanka1
66,便箋を買ってみたけど「春ですね」以外書きたい文字列がない,tanka1
67,青春の不在にポプテピピックな感じで中指立てて生きてる,tanka1
68,ストロングゼロでひとりで酔っているわたしわたしがいちばんきらい,tanka1
69,ぶらんこに立って乗ること愛なんかなくてもやっていけていること,tanka1
70,一〇〇〇年後、桜の花の咲くころにウユニ塩湖でまた会いましょう,tanka1
71,きっともう二度と会えないことすらもおりこみずみの余生なのです,tanka1
72,新木場はステラウーパールーパーの巣窟 ぼくは人間じゃない,tanka1
73,こう見えて鰓呼吸だし乙女だしすったもんだの恋もあったぜ,tanka1
74,ぷくぷくと桃色吐息の泡を吐けばそこは地球で地球じゃなくて,tanka1
75,今月もFacebookの友だちになれないままで終わるのだろう,tanka1
76,ああぼくの愛しい人よ! LOVEしろよ! たまにはちゃんと野菜も摂れよ!,tanka1
77,終電を逃しちゃっても春だからなんて理由で片付けるなよ!,tanka1
78,ほっぺたにヒリヒリと突き刺すこれは異次元からの電信かしら,tanka1
79,なにもかも手遅れである潮時にたゆたうために海原はある,tanka1
80,新木場はステラウーパールーパーの魔窟さ ぼくは臆病者さ,tanka1
81,よく晴れた日にはアホ面ひっさげてしゃぱしゃぱ宇宙遊泳してる,tanka1
82,神さまを信じるような無邪気さでひっひっふーのリズムで泳げ,tanka1
83,ぎゅっとしてほしいだれかに抱きしめてほしいそのまま殺してほしい,tanka1
84,闇雲にきみにあわせる顔もなくごはんかいじゅうパップと踊る,tanka1
85,うそばかり得意になって大人にはなれないしならないしもうやだ,tanka1
86,人類はみんな真っ赤な寂しさに溺れて死んでしまえばいいよ,tanka1
87,この星はぼくらを孤独死の間際まで閉じこめておく金魚玉,tanka1
88,夕ぐれは西の空から迫り来る地球はまるい逃げ場などない,tanka1
89,できる事は7度7分の湯たんぽをきみになぞらえ抱くことだけだ,tanka1
90,風になることに性的興奮を覚えるマゾヒスティックなわたし,tanka1
91,めがねだけ老けない人のいうならくおれも親父に似てきたらしい,tanka1
92,八月の野球少年・前川の日焼けみたいな色のハムカツ,tanka1
93,いろいろな想いをこめてにゃあとだけ言うのでにゃあと答えてほしい,tanka1
94,生きたまま心に届くプロバイオティクスみたいな夏の風です,tanka1
95,青春をかき氷器でゴリゴリと削るみたいなあれがやりたい,tanka1
96,たんぽぽの綿毛のように軽率に一喜一憂する浮遊感,tanka1
97,ゆでたまご状の物体Xをあなたは白き希望と呼んだ,tanka1
98,春と修羅、夏と極道、秋と魔女、冬と悪鬼と書き出してみた,tanka1
99,深緑の野山のようにどっしりとした体格の猫が寝ている,tanka1
100,百合が好き(アイドルとしてプロデュースされたらファンになっちゃうレベル),tanka1
101,終わらない処女を積みこみ自転車の重心はいまその籠にある,tanka1
102,メキシコのカンクンはいま朝なわけですし、もうちょい寝ていませんか?,tanka1
103,もしタイムマシンを持ってたら俺は江戸川橋のマックに行くね,tanka1
104,名も知れぬ鳥のことばだ名も知れぬ花の名前をさえずる声だ,tanka1
105,音姫は流れ流れて美しく青きドナウになる夢を見る,tanka1
106,「うち、さそり座の女とよ!」「そうなんだ」「そうとよ!」「ねえ、その『とよ』ってなあに?」,tanka1
107,永遠なわけねーだろがこの雨もほらこの雨も落ちちゃうんだぞ,tanka1
108,盆栽はその空間で思い出のメタファーとして機能している,tanka1
109,ドラゴンのうんこ踏んだらこんなかなと考えながら踏む干潟かな,tanka1
110,ねえ今日ねニトリでちりとり・ほうき星セット売ってて買ってきちゃった,tanka1
111,やどかりは保身のためのポエジーを背中に背負った詩人の戯画だ,tanka1
112,こちら月、感度良好です どうぞ そろそろお風呂にします どうぞ,tanka1
113,安らかにおやすみ、ぼくのファンタジーにゃんにゃん 夢でまた逢いましょう,tanka1
114,さけそうでさけないふうを装っているけどじつはさけちゃうチーズ,tanka1
115,ぐうエロなキスを交わした室内が蚊取り線香臭くてウケる,tanka1
116,ちょんまげの結い方なんか分かっても幕府ひらけるわけじゃないのよ?,tanka1
117,エチケット袋いっぱい嘔吐した夢の残滓は胃酸のにおい,tanka1
118,虫さされめっちゃ痒くて全自動虫さされ掻きマシンと化した,tanka1
119,朝食をグミですませてきたけれど出社したので褒めてください,tanka1
120,行っちゃった 終電どっか行っちゃった サンゴ礁まで 歩いて帰ろ,tanka1
121,蝉しぐれみたいな発砲音だから誰も光線銃と気づかない,tanka1
122,ややぬるいウーロンハイをよく冷えたウーロンハイで割った飲みもの,tanka1
123,ふゆるららふゆらふゆるらふゆらるらふゆるらるらと飛ぶしゃぼん玉,tanka1
124,干からびた犬のウンコのようですがこれがアナタの心臓ですか?,tanka1
125,詩には詩の作法が、ヌードビーチにはヌードビーチの作法があって,tanka1
126,通り魔はパピコを俺に咥えさせ「口封じ」って囁き、消えた。,tanka1
127,髪型が悠木碧な女子はみんな悠木碧に見える眼力,tanka1
128,【ご報告】結婚します。お相手は空手チョップが上手い人です,tanka1
129,燃えたぎる愛と勇気を動力に金魚花火よまっすぐ進め,tanka1
130,山手線ゲーム! 〜この夏したいこと〜 花火・合宿・西瓜割り・キス,tanka1
131,退屈な日々を大幅リニューアル&新台入れ替えしたい,tanka1
132,わけもなくかなしいときのかなしみをぴよぴよぴーと呼べば初夏,tanka1
133,口笛はなぜあの雲はなぜ春はああそれ以上訊ねるなかれ,tanka1
134,恋すれば喫煙席も硝煙のにおいに充ちた戦場である,tanka1
135,朝焼けの空にすべての安牌を棄てる覚悟でリップを投げろ,tanka1
136,童貞は脆弱なので脳天をヒールで殴り続けると死ぬ,tanka1
137,自らのすがたかたちを確かめるように落ちゆく噴水の水,tanka1
138,スプリングコートはらひらはためかせ逢うべき人に逢うべき季節,tanka1
139,邪魔者は軍靴のごとく真っ黒なショートブーツで蹴飛ばしてゆけ,tanka1
140,おおぞらに硝子のさかな泳ぎいて記憶は太古へと遡行する,tanka1
141,唇を窄めてふぅとはるかぜを吹けばすべては花びらとなる,tanka1
142,この爪が睫毛が腿が首すじが桐谷美玲でないはずがない,tanka1
143,春の夜に夢見るように乙女座の少女は夜行性の生きもの,tanka1
144,満開のニセアカシアが散る様はうそいつわりのようにまぶしい,tanka1
145,リバイバル★運命ですぞ! この星が灯火としてはたらくかぎり,tanka1
146,ともだちがほしいあまりに死にかけている少年に一本背負い,tanka1
147,とこしえにLINEふるふるしていたら腱鞘炎になるわけですよ,tanka1
148,あまりにもチーターなので我々の夏は短し疾走れよ乙女,tanka1
149,そこは核シェルター きょうも双子座のきみを出逢いが待っていますよ,tanka1
150,シャラポワとキスした途端、一房のハバネロの実の味がした夢,tanka1
151,はいこれはとある仏陀といっぴきのハルケギニアの物語です,tanka1
152,税務署の建物、じつはロボットでDUALSHOCKで動かせる説,tanka1
153,モヒートをちゅるちゅる飲んで目を瞑る 遠くの海がきらきら光る,tanka1
154,セイ・YES! 三軒茶屋の富士そばで僕と踊りませんか、ワルツを,tanka1
155,「絶望!」と呼べばカノジョはグラビアの少女のように微笑むばかり,tanka1
156,ひと夏の記憶、やさしく葬ってここに大きな木を植えましょう,tanka1
157,片思いってのは半分両思いみたいなもんだ めげるな私,tanka1
158,新宿は光にみちてもうすぐで午前0時が転覆しそう,tanka1
159,東京の空は狭くてぼくたちの光合成に適していない,tanka1
160,公園に取り残された蛇口から夜がしずかにしたたっている,tanka1
161,草いきれめっちゃ臭うし白亜紀がまるで昨日のことみたいだね,tanka1
162,うたた寝をしているきみは軟らかなサナギのようで無防備すぎる,tanka1
163,蒸し暑い夜のデネブはどことなく目をうるませたみたいに光る,tanka1
164,わたあめにはしゃぐ貴女の夜会巻きなぜかずるいと思ってしまう,tanka1
165,関くんは童貞だけどよく見ると殺人的にまつげが長い,tanka1
166,みそ汁のあさり一疋閉ぢてをり さうかおまへも失恋したか,tanka1
167,苺でも摘みとるやうに軽やかにしゃがみて君は雪を掬へり,tanka1
168,雪玉はひとつひとつを大切につくる派なりし初恋の人,tanka1
169,春先のつがいのアライグマは恋ダンスを踊る習性がある,tanka1
170,「はちゅなちゅ」と甘えて呼べば、はつ夏が続いてくれるような気がした,tanka1
171,もう午後で部屋が寒くて生きる意味なんかないんだなってなってる,tanka1
172,しあわせはファミマで買えるなら欲しいけどセブンまで行くほどじゃない,tanka1
173,もうごはん食べるのだるい。カフェラテの泡だけ食べて生きていきたい。,tanka1
174,夢なんてない。しかたなくレトルトのカレーのパウチをあたためてみる,tanka1
175,おれだって愛がほしいぞコンビニで買えるプリンじゃ物足りないぞ,tanka1
176,このスフレチーズケーキは我々の劣等感の象徴である,tanka1
177,じんせいのままならなさに泣きそうなので、今晩は肉を食べます,tanka1
178,化けの皮が剥がれぬように縫いつけてわたしをテディベアにしてくれ,tanka1
179,【はる―はやて】[季]春少女の髪を乱す風を一語であらわすことば。,tanka1
180,貝殻の中では今も「好きです」のθの音だけが渦巻いている,tanka1
181,じゃがいもが煮崩れていくようにしてきょうという日も終わるのだろう,tanka1
182,さっきまで夜空にあった冬銀河だったら俺の横で寝てるぜ?,tanka1
183,だーくそぉ、じんせいどうにでもなれと叫べば白い息消えにけり,tanka1
184,今月は赤字なる家計簿の一ページをふっとめくる春風,tanka1
185,なにもすることがないのでなんとなくアキレス腱を伸ばしています,tanka1
186,牛乳をストローで飲むことによりなにかに抗おうとしている,tanka1
187,じゃがいもの皮を剥くのにこんなにも無心になれる自分がこわい,tanka1
188,降るような星空なれどこの星に落ちしはついに吾一人なり,tanka1
189,パンダたるもの何事も本気では為さずぐうたらやりすごすべし,tanka1
190,カモミールティーの温度を感じとるための器官としての手のひら,tanka1
191,茹ですぎたパスタみたいになんかこうふにゃっと笑う娘がタイプです。,tanka1
192,「オッス!オラ悟空!」と名乗れ、そうすればまず大抵の敵は倒せる,tanka1
193,マカダミアナッツが好きな男ほど将来ハゲるリスクが高い,tanka1
194,童貞である男性の8割はみかんのすじを丁寧にとる,tanka1
195,誰だってどこか惰性で生きていて、だからときどき炒飯を喰う,tanka1
196,かなしみはもうたくさんだとりあえずアイスショコラもココアと呼ぼう,tanka1
197,おっぱいは揉みたい。夢は叶えたい。ぼくはまだまだ死にたくはない。,tanka1
198,唐突に叫びたい...この衝動を抑えきれない...うーぅまんぼう!,tanka1
199,青い鳥文庫のなかで見たようなきれいな日々が欲しかったんだ,tanka1
200,「今日なんもしてねえなぁ」とぼやきつつ寝返りを打つ。だるさがやばい。,tanka1
201,すずしいとよく寝れるのでどちらかというとすずしいほうが好きです,tanka1
202,おれはもう寝るぞと決意してからがホントの夜のはじまりですぞ。,tanka1
203,太陽が昇るそんなのあたりまえじゃんってことがじつは尊い,tanka1
204,蔦紅葉ばかりが徐々に色づいてぼくはちっとも成長しない,tanka1
205,哲学は好きですか?まだ紅くない紅葉はやはり紅葉でしょうか?,tanka1
206,憎らしいあいつの頬に投げつけるのにちょうどいいレモンを選ぶ,tanka1
207,バオバブにきらきら注ぐおひさまの光のような人でありたい,tanka1
208,何にでもなれる気がしたあの頃のおれは幼いガチャピンだった,tanka1
209,ヒトとして息をしている片手間にルッコラだけのサラダをつくる,tanka1
210,せつなくてかなしくてすこし泣きそうでいなばのトムヤムチキンがからい,tanka1
211,すすきにはすすきのための風が吹くおれもちやほやされたいぞ、くそぅ,tanka1
212,夜もすがら泳ぐくじらのくちぶえは浜辺に寄せるうたかたになる,tanka1
213,はつ恋は7歳のとき。ねり消しをとても上手にこねる娘でした,tanka1
214,しょっつるを適度な濃さに薄めたら海を再現できないかしら,tanka1
215,諸々の事情があって好きな子にパントマイムで告白をする,tanka1
216,風鈴のかたちは最上もがに似てちろりろりんとしたまんまるだ,tanka1
217,夏の果て空はあんなに青いのに線路はどこまでもは続かない,tanka1
218,海鳴りがささめいて繰り返すのはたぶんスワヒリ語でさようなら,tanka1
219,タジン鍋だってきっちり魔改造したらUFO代わりになるよ,tanka1
220,我こそは大魔神ピロシキなりと叫んでみたい衝動がある,tanka1
221,こもれびは目にやわらかにめくるめくポムポムプリンみたいな黄色,tanka1
222,アルパカの気持ちがなんとなくわかる程度に鍛えられた女子力,tanka1
223,何すれど、どこへ行けどもみどり色。河童は孤独な生き物である。,tanka1
224,常夏のイオンモールを駆け巡るぼくはいまだに迷子のままで,tanka1
225,おおらかに生きてみたいね死んだのに気づきもしないゾンビみたいに,tanka1
226,私たちけだものだものちゅるちゅるとタピオカミルクティー啜り込む,tanka1
227,泣くならばざわざわ森のがんこちゃんくらいガツンと泣くべきだった,tanka1
228,火星人ここに眠るというメモが横浜中華街で見つかる,tanka1
229,いままでのごめんをぜんぶつぎ込んでしろく固めた牛乳プリン,tanka1
230,同情はいらない「可哀想」なんて舐めたクチきく朝なら来るな,tanka1
231,あなたからとどめを刺してほしいからこの心臓は止めないでおく,tanka1
232,次々とロケット花火打ち上げるこんなに壊れかけの宇宙へ,tanka1
233,くつくつとホーロー鍋でマカロニを茹でる七分間の夕暮れ,tanka1
234,とりあえず海と言っときゃ詩になるし、そんなこんなで海を見ている,tanka1
235,チョコレートパフェは邪悪にそそり立つ魔界の塔のミニチュアなのだ,tanka1
236,ゴーフルとゴーフレットのちがいくらいちがう私と昨日の私,tanka1
237,拗らせた僕らの夢はとろけ合うねるねるねるねみたくふしだら,tanka1
238,出来すぎに甘いくらいが好いのですスイートポテトな恋をしましょう,tanka1
239,古書店に凝集された思念として涼宮ハルヒの憂鬱がある,tanka1
240,とびきりにサディスティックな形状で新宿で売られてるドリアン,tanka1
241,あじさいの木陰にビー玉埋めましたビー玉の木が芽吹く気がして,tanka1
242,コーヒーを濃い目に淹れるめらめらと不実な恋に燃えたるごとく,tanka1
243,人が皆平等である筈はなく得てして辛い獅子唐がある,tanka1
244,くまさんをたずねて深い森のなか「お逃げなさい」と言われたくって,tanka1
245,何色と呼ぶべきなのかあでやかに笑う彼女のサマンサタバサ,tanka1
246,水性の青に染まった夕まぐれラピスラズリをかりりと齧る,tanka1
247,ぼくたちの短歌はどこかちぐはぐで出来損ないのキメラみたいだ,tanka1
248,知ってっか?夏の祭りの射的屋のおっちゃん、じつはサンタなんだぜ。,tanka1
249,すっくりと赤いつぼみの立葵そろそろ髪を切ろうと思う,tanka1
250,こいぬ座のアルファをさがすくるくると星座早見を冬まで戻し,tanka1
251,かけっこで負けたみたいな顔をして下唇の下の髭剃り,tanka1
252,風薫るガードレールを跳び越えて国道沿いの海がしょっぱい,tanka1
253,地雷原と化した月夜やんわりと僕は事実を告げたまでです,tanka1
254,いろいろと思うところがありましていつにもましてレタスがみどり,tanka1
255,やわらかくありたいものと願わくはチーズ蒸しパンほどの大人げ,tanka1
256,今朝もまた「キュアップ・ラパパ!」と唱えつつ魔法瓶へと注ぎし煎茶,tanka1
257,幸せのすがたかたちはかくもあれマカロンのこのささやかさかな,tanka1
258,そら色のローファー履けばそら色の足取りになるお出かけ日和,tanka1
259,アサガオが咲く頃までは夜だからそれまで君も眠っておいで,tanka1
260,なんだかさバカみたいだね二人してオセロなんかに意固地になって,tanka1
261,はずむようなというよりも実際になかばはずんでいる子どもたち,tanka1
262,ダイエットコーラとともに飲みこんだスクラロースも人恋しさも,tanka1
263,頑として「ポニヰテヱル」と呼びたげな毛束はずませ早乙女のゆく,tanka1
264,身勝手に生きてみたさに雨上がり濡れたぶらんこ思いきり漕ぐ,tanka1
265,完璧に当たり障りのない人を演じて啜る蕎麦の美味しさ,tanka1
266,解脱までおまかせコースあと五分流転輪廻の洗濯機かな,tanka1
267,傘を干す愚痴をこらえて息を止めつづけるほどに強くないから,tanka1
268,春眠や五トントラック二台強あろうかという重たい目蓋,tanka1
269,立てよなお咲かせよ花を痛ましく養生されし桜の老樹,tanka1
270,触れるものすべて傷つけ生きてきたホチキスだけは私の味方,tanka1
271,青空は文句ひとつもいわないで今日も静かに青々とある,tanka1
272,むくつけきタカアシガニの不似合いなほどあまりにも細いあしもと,tanka1
273,眺めてた飛行機雲が消えていくこの夕暮れが皆嘘になる,tanka1
274,どうせもう務めを終えた土筆なら私のための土筆でいなよ,tanka1
275,チューリング完全でない僕らにはあの夏はもう再現しない,tanka1
276,概ねはルベーグ可測な理系でも積分できぬ恋をしたくて,tanka1
277,狛犬の阿吽の右の「あ」のほうの顔そのままに定期を忘れ,tanka1
278,さみしげにカンパネルラは言いました「この宇宙はね、フィクションなんだ」,tanka1
279,そっとだよ図書室であのロリータの頁をめくる手つきのように,tanka1
280,ロワイヤルハニーカニバーティー計量きみをすくえるスプーンがない,tanka1
281,呼吸器が酸素を拒むことがあり水に溶かして飲むときがある,tanka1
282,憂鬱は羽毛をつめた掛け布団こんやあなたをもふもふしたい,tanka1
283,おまえそれ、実際鳥とかなってみろ?翼はたぶんめちゃくちゃ凝るぞ?,tanka1
284,大丈夫、少し休んでいいときは、笛吹きケトルが教えてくれる,tanka1
285,整然と張り巡らせた予防線蜘蛛は無風の日に巣をかける,tanka1
286,あをによし奈良の春日野東風吹かば臭ひおこせる鹿のフンかな,tanka1
287,大馬鹿は日本全土に分布する偶蹄目の動物である,tanka1
288,人類が半裸であったあの夏は風に吹かれて砂浜にある,tanka1
289,春の海だけがきこえる世界から防災無線でお知らせします,tanka1
290,風に立つ巨きな風車まっすぐに見凝めつづける勇気がほしい,tanka1
291,俺たちはいったい何がしたいのかまるい吊り革しかくく掴み,tanka1
292,切り伏せてあるく大気のことごとく敵である夜急行来る,tanka1
293,つまらない大人になった叫べども必殺技の撃てない大人,tanka1
294,白飯にセンチメンタルのぬか漬けきょうもぼっちだごはんが旨い,tanka1
295,ミシシッピアカミミガメが俺よりも羽をのばせる区立公園,tanka1
296,鬱という文字のいよいよ達筆になりゆく日記何かおかしい,tanka1
297,「ハッハッ...ヴェッ...!?」(とっとことことこ)「うう...ばうワウ!」何やら必死のダックスフンド,tanka1
298,文句ならあとで聞きます今はただ目玉焼きにはソースと言って,tanka1
299,全県で「非常に多い」との予報、もはや我らに安息はない。,tanka1
300,「始まりはあの日、一人の少年が『睡魔』をたおす旅に出たのじゃ...」,tanka1
301,あたまから後の祭りのつま先へ電気ブランのしびれは伝う,tanka1
302,疲れたし甘いものでも食べようとつとめて鈍くチョコパイかじる,tanka1
303,人の世に信実などはないと知れマックポテトの塩気が告げる,tanka1
304,そうやって何かのせいにしてみては春先ばかり雨に降られて,tanka1
305,何もかも私のせいだあの雲もこんなすがたに変えてしまった,tanka1
306,まっさらに漂白された靴下の煮付けつくれるカノジョがほしい,tanka1
307,自由なる時代の子らよ櫂を持て風など待たでいざや漕ぎ出せ,tanka1
308,ああこれが理想の重さラムネ瓶を開くる惜しさにつと持ちてをり,tanka1
309,雨あしは未明にかけて強まりつ未明の意味はさだかならねど,tanka1
310,哲学者ニーチェは言へり云々と説きたる本のコンビニにあり,tanka1
311,ただ何をすればいいのかわからずに白湯を沸かせることのさみしさ,tanka1
312,頭頂が美肌ですねとココイチの笑顔を浮かべ上司をそやす,tanka1
313,かなしみに芯までひたし一昼夜ほろほろ煮えし豆の味かな,tanka1
314,三毛猫のしっぽの動きたおやかに人智をこえた方角をさす,tanka1
315,これなしじゃ生きていけぬというキミのすでに死んでるような日常,tanka1
316,爬虫類をペットに飼へるJKの愛づる手もがな肌を洗へば,tanka1
317,透明になりたいというむなしさはなりたいという不純からくる,tanka1
318,雪が、降る。降る。降っている。降り積もる。降り積む。それで、そのうち消える。,tanka1
319,平積みの「夜は短し歩けよ」と励ますごとき馴染みの本屋,tanka1
320,はいこちらあきる野市立希望的観測所ですお困りですか,tanka1
321,「Tカードお持ちですか」と訊くときのテンションでいう「手、つなごうか」,tanka1
322,「恋ヶ窪 賃貸」で検索をして、人恋しいのだと気づく夜。,tanka1
323,「決めた。おれ、にんげん辞める。ばいばい!」と宣言をしてから、はや七日。,tanka1
324,ほんとうにねむいときにはねむいではなくてねゆいというべきである,tanka1
325,パルメザンチーズさらさら振りかけてちちんぷいぷいどうにでもなれ,tanka1
326,つむじからタケコプターが生えてきて飛んでいったりできないかしら,tanka1
327,Karimokuの3人掛けのダイニングチェアとか夢があってイイよね。,tanka1
328,ねえ、空をご覧なさいな。わたしたち、呆れるほどにちっぽけなのよ。,tanka1
329,平和だにゃー。週末やんか。怪獣の一匹くらい上陸しろよ,tanka1
330,箱庭できみに偶然見初められ向日葵として愛されたいの!,tanka1
331,死にたみはトマトくらいの大きさで囓ると苦い果実なんやで。,tanka1
332,誕生日プレゼントにはバスタブのかたちの宇宙船がほしいな。,tanka1
333,そうやってペプシコーラを飲めるのも親の力の恩恵じゃんか,tanka1
334,いまここで死んでしまうとわたしたちいちばんぼしになってしまうね,tanka1
335,これからは俺と毎日しあわせにバンジージャンプして暮らそうよ,tanka1
336,だがそこはパエリアというジャンバラヤとは似て非なる惑星だった,tanka1
337,ヒトなんか辞めてしまってピクミンになってあなたに着いてゆきたい,tanka1
338,やさしさに包まれたいしそのまんま焼かれて餃子とかになりたみ,tanka1
339,この僕にマリオカートで勝てたなら空の在り処を教えてやるよ,tanka1
340,あめんぼの吐息はやがて凍りつきその集合が雲と呼ばれる,tanka1
341,春が来たらロシアに帰る白鳥の群れにまぎれて密航しよう,tanka1
342,はるかぜはやさしいだけでぼくたちを殺してくれはしないってこと,tanka1
343,ラスボスの手前でセーブするように無意味に入るファミリーマート,tanka1
344,からあげのことあげぽよと呼ぶ人といてあげぽよを頬張っている,tanka1
345,ありよりのなしよりもややなしよりのありにちかいと思うけどなし,tanka1
346,小銭しか入っていない財布から飛び出すハトの群れ ハトの群れ,tanka1
347,でも きょうも生き延びちゃって きみと生クリーム 舐めることが生きがい,tanka1
348,好き、嫌い、好き、と云いつつ消しゴムをちぎって投げる春のまにまに,tanka1
349,わかりみが深い(ちなみにここに水が溜まったものが後の田沢湖。),tanka1
350,泣かないで涙を拭いてだいじょうぶだから さあ まずパンツを穿いて,tanka1
351,行き場などないのにきみが僕たちのおでこに書いた「回送」の文字,tanka1
352,(鳴り響くレベルアップのファンファーレ)そしてぼくらは大人になった,tanka1
353,隕石に乗った少女よ 飛来せよ どうか弊社を破壊してくれ,tanka1
354,コンビニのおにぎり開けるとき上手く開けれなかったときのかなしさ,tanka1
355,#rtされた数だけ全力でコマネチをする見た人もやる,tanka1
356,いちじくのジャムをこゆびで舐めとったきみは生命線が短い,tanka1
357,洗濯機まわしたままだ ゆうぐれの電気街から魔界に来れば,tanka1
358,ドトールで過ごす優雅なひとときをSEKAI NO OWARIって言うのやめろ,tanka1
359,クリスマスケーキ代わりに我が家では羊羹をデコレーションします,tanka1
360,ぼくたちが詠んだ短歌が低価格Blu-rayになるみたいですよ!,tanka1
361,わたしたちどうしようもなく人間で猫背のきみも猫ではなくて,tanka1
362,「何もかもだるいにゃん❤」って脳内の喜多村英梨が言い出すだるさ,tanka1
363,#いいねした人をロリコン認定しわーいロリコンだねとリプする,tanka1
364,マネキンの右手はどこかさびしげで握ってあげるにはちょうどいい,tanka1
365,最愛のひとの小指をつめるのにかわいいペティナイフがほしい,tanka1
366,なんでまた寝なきゃなときに唐突に世界征服はじめちゃうかな??,tanka1
367,愛ならば、さっき小川に投げました。三回くらい跳ねましたけど?,tanka1
368,能登麻美子に囁くように云われたらそりゃあ云うこと聞いちゃいますよ,tanka1
369,メンヘラの思念をいくつ殺めればゼロ年代は終わるのでしょう,tanka1
370,何もかもきょうのところは諦めて寝なさい(あした絶望なさい),tanka1
371,おっぱいは揉みたいけれどおっぱいを揉めても何も解決しない,tanka1
372,しろくまのツイッタラーがしろくまのくせに「冬眠なう」と言ってる,tanka1
373,「もう疲れました。」と彼は言い残し、着の身着のまま星座になった,tanka1
374,貼るカイロがまだ冷めやらぬ初恋の余韻のようで捨てられずいる,tanka1
375,無印のホホバオイルが凍ってたあの冬の日が忘れられない,tanka1
376,どうせなら古式ゆかしく麻縄で首を吊りたいなって思うの,tanka1
377,換気扇まわすみたいにお手軽に俺中心にまわれよせかい,tanka1
378,ごめんいまひなたぼっこに忙しいからまたあとで電話しますね,tanka1
379,さあここでルサンチマンを披露してくれるゲストをお呼びしましょう,tanka1
380,北国の出身だから冷静になにがゆひらじゃアホかと思う,tanka1
381,ハグをするときは相手の右肩にあたまを載せるほうが落ち着く,tanka1
382,改札の前で誰かを待っているふりして暇を潰しています,tanka1
383,そうね いいにおいだけれどシャンプーの香りのパンはないと思うの,tanka1
384,美少女に胸ぐらをガッと掴まれ「文句あんのか、あ!?」と訊かれたい,tanka1
385,月末で天気悪いと何もかもおしまいみたく思えますよね,tanka1
386,「ついて来い!フィロストラトス!」野良猫に声をかけれど反応はなし,tanka1
387,月よりもまぶしいものはコンビニとパチンコ屋しかない田舎町,tanka1
388,自転車の漕ぎ方だけであなただとわかる自信がある(つまり恋),tanka1
389,知らないの? しゃぼん玉ってこうやって恋の便りをはこぶ道具よ,tanka1
390,ただの夕焼けにどんだけアンニュイな視線送ってるんだおまえは,tanka1
391,「恋愛のコツはラリアットと同じ!イチに勢い!にに勢いよ!」,tanka1
392,黄昏の波打ち際のブタゴリラ「......ブタゴリラってあだ名ひどくね?」,tanka1
393,めだかの学校にもモテる/モテないのヒエラルキーはあるのだろうか,tanka1
394,先月で七年越しの片思い・賞味期限のきれた缶詰,tanka1
395,にんげんの言語は便利すぎるのでほたるがちょっと羨ましいね,tanka1
396,雪だるま(分量外)を生贄に捧げて遠い春を待ちます。,tanka1
397,ミキサーでぐちゃぐちゃにした脳みそをバットに広げ、よく冷まします。,tanka1
398,片思い200gを予熱したオーブンに入れ焼き殺します。,tanka1
399,ひだまりに小さじ1/2のポエジーを加えて混ぜ合わせます。,tanka1
400,巨乳でも零さず抱ける手のひらの大きなひとに生まれたかった,tanka1
401,男子とは海賊でありおっぱいはその人生の灯台である,tanka1
402,こっそりと心に虹を飼っている 餌はヨーグルトをよく食べる,tanka1
403,"戯れに「OK Google,これなんてエロゲ?」と問うてみる熱帯夜",tanka1
404,バファリンに換算できる熱量で愛を名乗るなこのバカ者め,tanka1
405,失恋のなみだで水没した都市を我が物顔で泳ぐマンボウ,tanka1
406,ばいばいと言えずじまいで駆け抜けたあの日のわたし、成仏しろよ,tanka1
407,えーだけどわりとモテそうだよねってたぶんふつうに悪口だよね,tanka1
408,おいやべーよ、こいつこのまま来世まで眠り続けて死ぬつもりだぞ,tanka1
409,ぬばたまのバーニャカウダはゆりかご座(冬の星座)のアルファ星です,tanka1
410,ぱっと見はアンモナイトの化石だが、これも誰かの恋だったのだ,tanka1
411,英霊となった少女の聖遺物としての黒のワンダースワン,tanka1
412,あの、わたし、キキです。魔女のキキ。そしてこっちは背後霊の祖父です。,tanka1
413,まっすぐなやつと思ったストローが曲がるやつだとちょっとうれしい。,tanka1
414,冬型の気圧配置が強まると人類終わってんなってなる,tanka1
415,台風が来るとすべてが無理になる体質なので今日は無理です,tanka1
416,パインアメ越しでいいから5秒間瞳をとじてキスしてくれよ,tanka1
417,#いいねしてきたグラドルをフォローするだけで時給が発生しろよ,tanka1
418,こんばんは! ぼくが邪神のたまごこと、人呼んでナルシストちゃんです,tanka1
419,我々はその一生でどれほどの量の放屁をかますのだろう,tanka1
420,なにもかも台無しにしてやりたくてポテトサラダにしょうゆをかける,tanka1
421,コリオリの力が作用することで加速していく恋愛もある,tanka1
422,Wi-Fiは飛んでいますか この街のどこかで待っていてくれますか,tanka1
423,しゃらしゃらと輝く海を持ち帰り、埼玉県で売りさばこうぜ,tanka1
424,かけ出せば間に合いそうな距離感をかけ出せないでいるような恋,tanka1
425,「UFOだ!」「ちがうぞ、あれは蒲公英の綿毛だ!」「ウソよ...大きすぎるわ!」,tanka1
426,チョコパイはたぶんおそらくパイじゃないことをきちんと明記すべきだ,tanka1
427,連休も終わるしちょっと死にますね。遺灰は海に撒いてください,tanka1
428,やすらぎは旬のキャベツの芯などにとくに豊富に含まれている,tanka1
429,すっごーい! ねえねえあなた、もしかして連休終わるフレンズなの?,tanka1
430,こう見えて僕はやさしいサイコパス、せめてこゆびで目潰しします,tanka1
431,文明がほろんだあとで吉祥寺あたりで猫として暮らしたい,tanka1
432,そういうのクローズアップ現代でやってたような気がする (しない),tanka1
433,ふはははは。脱脂綿だと思ったか!? ざんねんぜんぶゆきでした! ばーか!,tanka1
434,やる気ならさっきポチったはずなんで、3〜4日後に届きますです,tanka1
435,うさみみをつけた本気の照英がタイムスリップする2秒前,tanka1
436,穴という穴にティッシュを突っ込めばすこし黙ってくれるでしょうか,tanka1
437,遠国でマンゴスチンの果実から生まれた桃太郎の遠縁,tanka1
NA,土台だと思っていたら本体でペロッ......これは!!あの娘の(以下字足らず),tsukeku
NA,寸法の合わない棚を買ってきてちょっと伸ばして置いたらおトク,tsukeku
NA,はじめてのパソコンの本分厚くてこれじゃパソコン本厚木だよ,tsukeku
NA,焼き鳥の串をまとめて折る卑弥呼・略して焼き串まとる卑弥呼,tsukeku
NA,どうぶつの森にうちだけ呼ばれない(二十七歳・童貞の春),tsukeku
NA,横取りをしかけてやめる オナニーはやめない きょうも続くよ暮らし,tsukeku
NA,手のひらが飴でいっぱいけれどまだ見果てぬ飴を追う子どもたち,tsukeku
NA,コールテンがなんか苦手だ 心太はむしろ好きだ そんな毎日,tsukeku
NA,正体を知らないままで良いなんてコナンくんきっとさびしがるよ?,tsukeku
NA,もう死んだカイロをなぜか取っておく while (春) { // まだ終わりませんか?,tsukeku
NA,同情をされて嬉しい まだ貯める わたしの春の同情まつり,tsukeku
NA,ルッコラをはじめて食べた。しょうがない。ルッコラ大使になったばかりに,tsukeku
NA,明るくてよく見えるでしょ あれが星。あなたの生まれ故郷よ、と母は,tsukeku
NA,カニカマを細かくさいてかたちどるとある異国の風の輪郭,tsukeku
NA,掃除機のホースにまたがり、すぐ降りる うっかり飛んでしまわぬように,tsukeku
NA,シャパシャパのカレーがたしか好きだった君をカレーに浮かべる皮肉,tsukeku
NA,終わらないループのなかでプレステのアップデートがはじまる真昼,tsukeku
NA,思い出し笑いの仕方をわすれそう、まあわすれたら覚えてないか,tsukeku
NA,強風が私語をさえぎる かぜつよい かぜつよいね といいあう声を,tsukeku
NA,神棚のない部屋に住むでもだっておれが神だし棚いらなくね,tsukeku
NA,ゲームキャラに怒られたこと覚えてるチュートリアルでやめたゲームの,tsukeku
NA,プレステのアップデートが長すぎる そっか、これって終わらないんだ,tsukeku
NA,なんもない丘のうえから眺めてた丘よりしたにひろがる景色,tsukeku
NA,伊藤園の黒い自販機かっこいい部屋ん中にも一台ほしい,tsukeku
NA,始まれば逃げるのだろうどこかしら狂ってしまったあの街かどへ,tsukeku
NA,道端で電源OFFになりそうで、だけどエヴァだし、そういうもんか,tsukeku
NA,暴風の窓辺に幾度立ったろう ググれない記憶が多すぎる,tsukeku
NA,目薬が襟を濡らしてでもおれは負けないよ よし がんばれわたし,tsukeku
NA,駐車場に知らない車が停まってて負けじとおれも停まってみてる,tsukeku
NA,極太のマジックペンを持ち歩くマジックペンを司る神,tsukeku
NA,反省をすればいいってものじゃなくジャンガジャンガをする夜もある,tsukeku
NA,シャボン玉製造機関と成り果てて耳からとめどなくシャボン玉,tsukeku
NA,先延ばししてしまったらどうしよう(→考えるのを先延ばしする),tsukeku
NA,つまらない写真が撮れて朝採りのトマトも採れて かに座12位,tsukeku
NA,見た感じぜんぶ割れてた鳩サブレちゃんと成仏できるといいね,tsukeku
NA,からあげを食べてからでもいいですかまずは涙を拭いませんか,tsukeku
NA,立っているだけで違反になりそうで嬉々として立ちあがるタイプだ,tsukeku
NA,舌打ちもさまにならないのどやかな春のまにまに寄せるさざなみ,tsukeku
NA,手羽先の骨を積みつつ飲む卑弥呼・略して手羽骨積みむ卑弥呼,tsukeku
NA,ATMどこでしたっけ あー、いいえ。あたしが・タヒぬ・町のことです,tsukeku
NA,塩とタレ三本ずつでボーカルにGACKTを迎え再始動した,tsukeku
NA,イヤホンの内側は無音 蕎麦よりもほんとはうどん 擬態している,tsukeku
NA,ポイントをこまめに使うこと 花に水をやること すべては卑弥呼,tsukeku
NA,前髪がスープにひたる(※幸運の女神には前髪しかないので),tsukeku
NA,枕元に立つねりからしひょっとしておまえあの日の鳩サブレかい,tsukeku
NA,水飲み場に誰もいなくてさみしげに薬用せっけんミューズの吐息,tsukeku
NA,めちゃくちゃな嘘で笑える あの赤い箱に入れれば届くんだって,tsukeku
NA,どう撮れば正解なんだゆめの国もしや撮れないのか?ゆめだから?,tsukeku
NA,もったいないわけないだろうでもこれはそういうゲームなんだよだって,tsukeku
NA,フリスクで目覚めたあともどこかねむそうな創英角ポップ体,tsukeku
NA,お祈りは大事だけれどいまはまだ出席日数足りてないから,tsukeku
NA,ひとめぼれであったらしく汁椀を脱出しようとする蟹の脚,tsukeku
NA,日常とは死にゆくものでカレーパンのころもはらはらズボンにつもる,tsukeku
NA,うあ苦い 特濃ミルク8.2の苦いところに当たったみたい,tsukeku
NA,そのための指のごとくに遊戯王カードを仕分けし続ける指,tsukeku
NA,嘘みたく冷たい朝の信号のひかりの下でほどくイヤホン,tsukeku
NA,息の根が止まったような年末に町を覆った濃い霧のこと,tsukeku
NA,だから何?みたいな顔でアライグマはどんなりんごもきれいに洗う,tsukeku
NA,だって食べ物なので吹く意味はなくすぐさま砕かれる笛ラムネ,tsukeku
NA,人びとの罪には罰の要るらしく龍角散がまずくて咽せる,tsukeku
NA,プレステのことはもういいいまはただしょうがまみれのさいごひと口,tsukeku
NA,液化する猫のしずかな影法師 足のふちまでしみる月光,tsukeku
NA,さようなら、暮らし! こんなに脆いのね ハンドルネームが親に見つかる,tsukeku
NA,Wi-fiにみんな繋がりすぎたのかゆっくりになる風の足どり,tsukeku
NA,探偵は不倫捜査の月面で上司の爪のかけらを拾う,tsukeku
NA,みみずってぐちゅぐちゅしててだから手でみみずを触っていたこともある,tsukeku
NA,あなたへのアンチテーゼの意味あいで詩を書いてからご飯を食べる,tsukeku
NA,レタスってキャベツじゃなくてでもそれはきっと大嘘だと思うから,tsukeku
NA,この空き地、来ればもらえるおまけつきならよかったのにね 残念ね,tsukeku
NA,寝不足でつらいしきょうは人類のオチだけ先に教えてほしい,tsukeku
NA,塩に塩かけてつくった塩サラダはだいたい塩をかけ過ぎなんだ,tsukeku
NA,はつなつのソビエトロシアでは僕をお揃いにするならなにがいい?,tsukeku
NA,いまおれのものでないものどもは結局誰のものになったの,tsukeku
NA,人生は下り特快 いつだってわたしの側は開かずの扉,tsukeku
NA,ぶらり途中下車の旅かよ いままでも散々ひとのせいにしたのに,tsukeku
NA,うにゃうにゃと毒づく僕を見かねてか友人Fがグラスを下げる,tsukeku
NA,それはそれとしてどうにかなるもののどこもかしこも汚れているよ,tsukeku
NA,おれたちは油汚れに塗れると油汚れが落ちる布だよ,tsukeku
NA,フランケンシュタイン柄のきゃわたんなトートバッグは風に流され,tsukeku
NA,夢ですかはいあきらめましたお土産は個包装ならべつに何でも,tsukeku
NA,順番に案内します終末の発券ボタンを押してください,tsukeku
NA,空調がよしなにやってくれるので空気を読まずにおしるこを買う,tsukeku
NA,アラレちゃんの傍でくぴぽと鳴いているあの子の名前はなんだったっけ,tsukeku
NA,熱のあるピアノソナタを聴かされて最小限の音で沸くお湯,tsukeku
NA,歳なので見つけたとたんに痛み出す傷があるのを忘れたりする,tsukeku
NA,最適化された日常、最適な同じ強さで握る吊り革,tsukeku
NA,都市の孤独・街のかなしみ・雨に濡れ干し忘れてた傘かび臭い,tsukeku
NA,あーそっかおれの息でかシャッターを切るより速く水になる雪,tsukeku
NA,戒めとしてのいちばんぼし光る 汝、ロッピの前で電話をするな,tsukeku
NA,他人より生きる速度がすごいので他人が剥いた蟹が食えない,tsukeku
NA,国士無双13面待ちみたいな感覚でいつかやれると思えたならば,tsukeku
NA,しあわせとつらいみたいな僅差でして昨日も今日も間違えました,tsukeku
NA,靴下を剥いだ素足で踊りつつ帽子をぬいでからっぽになる,tsukeku
NA,火星人の存在だって疑っていないよこれはただの眠い目,tsukeku
NA,そもそもが別れを前提しておらず捨てっぱぐった古着と暮らす,tsukeku
NA,いやべつに答えがほしいわけじゃなくフライドチキンを食べたのはだれ,tsukeku
NA,ものがたりはまだまだ続く 胸躍る サンキュー冷奴 一生ついて行く,tsukeku
NA,バンクシーのアートが選べる一〇種類!めっちゃファミリーマートですよね!,tsukeku
NA,たとえるとすればトマトとトマホークくらい関係のないわたしがもらう,tsukeku
NA,かもしれない運転しても曲がり角で夢を咥えたひととぶつかる,tsukeku
1,ピッコロを吹く唇を奪いたさ,haiku
2,背負投げされる地球の身にもなれ,haiku
3,ここに豚小屋を建てよう夏木陰,haiku
4,鏡月をラッパ飲みする人魚かな,haiku
5,月の海というかもはや課金沼,haiku
6,暇というだけの理由で服を脱ぐ,haiku
